enrollee_id,target
32403,0.6917
9858,0.7434
31806,0.0019
27385,0.8278
27724,0.0071
217,0.4274
21465,0.8572
27302,0.0065
12994,0.0436
16287,0.7868
10856,0.0090
9272,0.4996
14249,0.0021
24372,0.8863
14070,0.0015
24914,0.7753
7865,0.8554
7463,0.8667
21514,0.0373
29033,0.0018
15359,0.0016
16001,0.7750
25202,0.1482
5058,0.8052
23570,0.0092
19139,0.0058
9548,0.0083
8799,0.6878
11113,0.8062
19437,0.8725
394,0.7643
7683,0.7542
22849,0.0018
17189,0.0335
28610,0.0100
25608,0.0123
22139,0.0097
19644,0.0077
18517,0.8753
12835,0.8430
20178,0.8190
25855,0.8316
32126,0.0365
22753,0.4900
18133,0.7421
29242,0.8322
6312,0.7628
113,0.8116
14685,0.7827
20768,0.0018
25906,0.7726
20142,0.7477
25891,0.0092
4742,0.8345
2222,0.8681
16917,0.7713
10493,0.5289
10418,0.0082
9766,0.4610
1361,0.7565
19625,0.7635
20943,0.0098
9561,0.4979
4271,0.3855
2094,0.0085
16931,0.0068
27298,0.0029
26493,0.7238
30745,0.1279
21052,0.0018
20723,0.9947
13539,0.3508
3214,0.0450
16230,0.0023
25300,0.7643
24018,0.8448
21833,0.0074
30632,0.4291
4334,0.3887
22271,0.0998
28776,0.0090
27769,0.8037
25909,0.0133
31266,0.0057
7973,0.8207
30867,0.8617
22501,0.0094
2539,0.0331
26681,0.2432
16184,0.0023
3852,0.0103
1680,0.0425
3562,0.4961
8488,0.7008
8373,0.1338
2934,0.2114
12919,0.7952
4386,0.3745
22462,0.8270
13988,0.0093
21230,0.0066
26180,0.0026
16658,0.8328
10324,0.4546
20453,0.0018
13485,0.5050
33080,0.0017
25492,0.8139
1319,0.0081
19146,0.7515
29339,0.0026
33177,0.7815
22143,0.7641
22264,0.7747
17034,0.0016
27002,0.0059
21318,0.7939
12308,0.0081
842,0.7209
4926,0.0014
3,0.0013
19567,0.7832
12809,0.8059
22682,0.9294
1216,0.4934
4417,0.7257
24162,0.8885
16873,0.0065
21920,0.8293
24230,0.8857
5189,0.9164
24396,0.4709
770,0.8357
30913,0.0055
14566,0.7414
15634,0.0109
18163,0.0039
16673,0.8258
18805,0.0134
15367,0.7649
22556,0.8446
27439,0.7223
18426,0.7668
9789,0.0107
28172,0.0114
9184,0.7874
3587,0.0530
1167,0.0421
1663,0.0104
20948,0.8603
31594,0.0111
27117,0.0015
678,0.7707
1441,0.0012
31272,0.0267
12443,0.8621
32981,0.8125
1317,0.8643
4601,0.4887
30498,0.0023
7863,0.1285
8744,0.0020
14698,0.7225
10021,0.7517
15253,0.2031
18108,0.0073
31410,0.0093
30532,0.7238
31733,0.0084
28833,0.8056
8708,0.8071
10050,0.0088
21685,0.8092
18529,0.0334
1850,0.8115
22639,0.8208
5967,0.0114
20977,0.7895
5391,0.7240
4398,0.1582
18383,0.8204
17336,0.0016
7470,0.7805
24781,0.4442
24202,0.7922
20650,0.1811
5377,0.0012
31693,0.0078
28619,0.0018
15432,0.0086
22999,0.8253
8377,0.4627
9302,0.4480
16158,0.1521
29575,0.1262
16573,0.5460
30736,0.7191
20612,0.0076
11976,0.7827
28302,0.7496
9462,0.0106
14512,0.7723
8401,0.4880
19780,0.7423
2594,0.0014
1466,0.0090
17205,0.0019
12990,0.0083
4234,0.7546
18171,0.3897
15457,0.0074
23319,0.0014
10598,0.8484
7788,0.0015
32021,0.5903
23969,0.6969
13037,0.7888
30196,0.8469
19504,0.8373
16336,0.0114
6048,0.4681
6827,0.0032
9268,0.3544
11169,0.7742
31131,0.7224
12361,0.8280
15165,0.7785
27773,0.0081
15266,0.7109
26289,0.4494
32553,0.0020
33062,0.7992
8818,0.8430
15380,0.0311
30120,0.0023
24317,0.4331
412,0.3115
30607,0.4018
8513,0.7594
8596,0.5422
14539,0.7749
20456,0.0022
15221,0.0013
28968,0.5085
21648,0.0023
3210,0.1695
22118,0.4213
5605,0.1791
30930,0.0013
28718,0.7506
8141,0.0072
3486,0.0112
8805,0.5085
6602,0.8148
14916,0.8433
21636,0.0082
9047,0.0069
6694,0.0083
17793,0.0090
32857,0.7648
26325,0.0013
20907,0.5441
12617,0.3951
24295,0.4824
32409,0.7775
16713,0.0115
4863,0.0012
13274,0.0015
12462,0.8014
8524,0.8654
21728,0.8310
20577,0.0013
3407,0.8534
27184,0.1634
28845,0.7573
2851,0.0389
485,0.7613
7207,0.8107
9005,0.0130
4532,0.8529
23235,0.0089
5403,0.0016
8232,0.1973
40,0.0013
8991,0.7178
28620,0.0015
16355,0.8059
18340,0.7936
5138,0.0013
12391,0.7425
15550,0.7197
27155,0.0020
19883,0.3907
25140,0.4304
27463,0.5035
23894,0.0021
18285,0.1669
25415,0.7529
9894,0.7772
15242,0.0079
8485,0.3392
11982,0.0019
28370,0.7448
17047,0.3509
24941,0.7452
28936,0.7278
9562,0.7651
30061,0.8783
2718,0.7972
24681,0.0084
16210,0.8636
1517,0.6922
29475,0.7433
32233,0.0084
26601,0.8374
22457,0.8293
30759,0.9341
27417,0.0086
18983,0.6962
32085,0.4420
13197,0.7309
14026,0.0082
19719,0.4162
30046,0.7969
10446,0.7905
5907,0.7901
1392,0.0021
10348,0.0062
7957,0.8149
19058,0.7572
19243,0.8194
7770,0.7358
15910,0.7978
30486,0.7646
20333,0.8282
6816,0.8124
26209,0.7822
10803,0.0426
26411,0.9095
31555,0.4775
15564,0.4350
28764,0.0049
14172,0.2540
3068,0.7294
27164,0.7137
20887,0.8050
27102,0.8335
14534,0.7599
9021,0.0130
6527,0.7550
7615,0.0096
11392,0.5593
33148,0.6029
20910,0.7720
20269,0.0088
23670,0.7408
19946,0.0100
29652,0.8390
23770,0.5156
24340,0.8168
18737,0.7735
24739,0.0066
31072,0.4654
32629,0.0098
4184,0.0016
19028,0.0058
12295,0.0025
17898,0.0346
25160,0.8180
13000,0.0070
8849,0.7602
4773,0.0061
23867,0.0395
25341,0.8736
1456,0.0286
22152,0.8442
6560,0.7939
22829,0.0134
4745,0.7392
22814,0.0091
23233,0.0045
26370,0.8240
12695,0.8362
11888,0.8198
319,0.0062
2510,0.0014
5298,0.8538
18400,0.0330
30849,0.7730
31123,0.8095
15829,0.5076
15578,0.0073
4037,0.0063
29658,0.4125
10171,0.0128
1937,0.0503
7376,0.4351
25243,0.7436
9234,0.1282
8471,0.3805
5367,0.4196
5576,0.4465
5488,0.8413
18306,0.8354
2063,0.8207
14205,0.4529
16490,0.7776
10560,0.0058
23064,0.0065
32545,0.8707
29833,0.0017
14200,0.8417
29830,0.0015
21423,0.9773
13869,0.0100
28259,0.3618
9618,0.0101
18209,0.0018
27437,0.8843
17129,0.0012
8349,0.0407
6179,0.4510
28842,0.6835
26563,0.3754
19256,0.6805
25579,0.1546
27521,0.0074
31378,0.0193
14870,0.7706
11929,0.4119
14585,0.0035
32487,0.7785
15593,0.7677
13170,0.7824
24544,0.0096
11613,0.8595
30221,0.7671
28251,0.7969
4062,0.0387
29018,0.0082
26433,0.8145
5489,0.0100
19459,0.4193
6017,0.0015
24261,0.8007
16705,0.4784
16540,0.8056
7508,0.0358
32650,0.8105
21381,0.5194
9487,0.0015
9040,0.3438
12854,0.4720
32495,0.7612
1622,0.0014
15660,0.7205
4052,0.0074
23279,0.7904
20286,0.3859
13832,0.7523
8066,0.1094
31585,0.7446
1249,0.8147
10843,0.0071
9706,0.0107
14601,0.7826
5823,0.5078
1148,0.7847
31284,0.7891
21383,0.4314
32156,0.7424
14110,0.0274
20035,0.8523
20872,0.6343
14568,0.8355
12115,0.0089
26440,0.3098
28319,0.7731
11654,0.0015
22964,0.0022
6834,0.8072
15305,0.7607
14669,0.8318
15978,0.0081
32027,0.0334
4806,0.0143
23700,0.0075
5956,0.0011
2441,0.0101
20068,0.0088
18369,0.4216
28121,0.0098
15061,0.0349
7443,0.8655
14456,0.8289
1864,0.5078
23766,0.8076
13051,0.7651
25644,0.1808
16941,0.0424
30388,0.7731
5861,0.0082
9840,0.6863
16203,0.7611
23986,0.8609
6889,0.7564
3658,0.7428
4004,0.9466
14620,0.0140
18979,0.8060
25101,0.9513
10873,0.0010
24570,0.0106
25051,0.0211
22366,0.8518
11762,0.8030
9993,0.3515
31464,0.0020
5040,0.5209
976,0.4593
30784,0.0050
31557,0.8009
22982,0.8327
29300,0.8191
5932,0.7577
31852,0.4627
20833,0.7878
9501,0.8026
9707,0.3138
20756,0.7842
11541,0.8432
28084,0.0125
9726,0.0069
31483,0.7727
17440,0.7339
30836,0.7315
139,0.7325
2606,0.0011
14158,0.8104
13100,0.4010
30502,0.7303
24245,0.8080
28562,0.0395
12735,0.4123
4114,0.1101
30367,0.4026
5412,0.8427
27834,0.7820
4709,0.0030
23880,0.0049
18607,0.7550
15527,0.7770
13748,0.7848
24331,0.1400
10636,0.0107
12488,0.8374
16660,0.8339
2892,0.8216
6332,0.8083
6504,0.0017
19043,0.7594
22715,0.0087
27606,0.5133
33052,0.8173
6793,0.8038
16595,0.4645
18261,0.0028
27307,0.3610
25699,0.0012
11707,0.1663
21613,0.7778
32057,0.8156
115,0.8116
6823,0.8031
14353,0.7881
26805,0.0117
15635,0.8119
26417,0.8214
3848,0.1355
17211,0.4240
13103,0.1480
5243,0.0109
2107,0.1843
30974,0.4228
2998,0.7620
22975,0.4008
27239,0.8640
18463,0.0010
21490,0.8721
30657,0.6673
32075,0.4608
31141,0.7355
2340,0.7172
21188,0.8660
24156,0.7099
32584,0.0550
6515,0.7983
14292,0.0106
16125,0.0140
25802,0.0099
19385,0.7726
27304,0.0070
3697,0.0063
11800,0.4901
180,0.5765
7733,0.7672
6935,0.4098
4082,0.0074
31959,0.8242
25113,0.7800
14329,0.0293
15570,0.4161
32516,0.7821
2535,0.0089
16014,0.8269
24251,0.0048
31019,0.0012
21012,0.4441
22140,0.4414
21462,0.7836
20786,0.1385
32404,0.0306
16084,0.0067
20103,0.0095
22525,0.0104
13230,0.7244
29502,0.8346
11646,0.7865
6058,0.4672
30892,0.7392
31017,0.7793
23803,0.3914
6831,0.0067
20380,0.7563
15629,0.5061
17342,0.4128
22359,0.0017
27610,0.3546
26769,0.0014
3979,0.8100
25171,0.7514
23379,0.0057
18138,0.7956
31687,0.9797
23739,0.4287
8392,0.8382
6427,0.0179
27813,0.0130
20687,0.7468
22527,0.4392
33343,0.9199
818,0.0468
31669,0.0134
10952,0.7275
16331,0.7889
32029,0.1762
21152,0.1866
23488,0.0089
11945,0.0012
1670,0.6440
16104,0.0032
4158,0.3763
29781,0.2487
6720,0.8320
14369,0.8161
20235,0.8403
3617,0.1559
30756,0.0015
22625,0.5304
22057,0.1634
20635,0.8667
1588,0.7772
234,0.4372
18752,0.8006
18128,0.7863
18260,0.4443
19332,0.1869
9564,0.1479
5685,0.0112
18063,0.7993
27124,0.0107
3395,0.7851
22310,0.7507
15977,0.6659
4917,0.0078
19102,0.4743
23275,0.7294
13157,0.7221
13269,0.8693
29977,0.7512
20571,0.7900
23883,0.0067
33033,0.8121
10579,0.7625
5258,0.4153
853,0.5143
27245,0.8217
30670,0.7216
22497,0.7936
3218,0.7891
464,0.0012
15770,0.0119
18264,0.0113
32066,0.9006
11386,0.1384
17502,0.7678
32273,0.7920
27543,0.8192
16317,0.4349
2852,0.5341
5056,0.4893
17504,0.0017
24585,0.8166
11734,0.0027
16675,0.8101
23344,0.5373
21786,0.0066
31079,0.0022
33251,0.0088
7805,0.7890
8911,0.0085
7315,0.3188
28132,0.7072
8367,0.0065
27909,0.1395
32320,0.8117
15441,0.7424
25999,0.7113
20169,0.0012
11682,0.7326
26581,0.3887
14832,0.7566
18023,0.7728
18963,0.8184
9105,0.3903
18344,0.0034
576,0.4773
2656,0.7706
16881,0.8212
30245,0.0012
9630,0.0080
3580,0.4113
14773,0.4121
31238,0.8305
1633,0.0075
1995,0.7312
30587,0.8168
32369,0.7630
3722,0.0014
10721,0.0126
407,0.7802
31098,0.8023
4053,0.0366
13782,0.7557
20767,0.7885
20113,0.0124
4674,0.7288
2444,0.1222
19966,0.0129
26367,0.8015
19508,0.0114
13006,0.0015
7563,0.7904
25993,0.7947
18013,0.7482
27699,0.0107
3003,0.8682
6620,0.0087
4364,0.8375
2296,0.7898
17958,0.4564
9740,0.0072
1304,0.0060
28735,0.7828
32212,0.7023
14053,0.0014
22641,0.0019
17900,0.8032
31333,0.0075
501,0.0015
18104,0.0328
6092,0.0159
17249,0.0088
1227,0.0013
23515,0.0021
16309,0.9997
5368,0.7466
27693,0.0094
2582,0.0113
12096,0.9200
17526,0.8394
23647,0.0016
11440,0.1133
7942,0.9179
12064,0.7482
2170,0.0499
15663,0.3247
18378,0.4964
5943,0.2251
8578,0.0013
28645,0.0392
5101,0.0131
14529,0.8111
26235,0.0079
24260,0.0015
17549,0.5213
17610,0.2153
10246,0.8256
8990,0.7983
20459,0.8419
22775,0.8476
11212,0.1563
11963,0.8620
14516,0.7289
6464,0.0320
31981,0.0031
19350,0.1582
675,0.0067
3374,0.0019
24495,0.0081
8484,0.0080
12459,0.0012
29414,0.5171
10548,0.8030
29383,0.7090
13373,0.0026
21283,0.0076
2280,0.4694
5624,0.4207
6778,0.0082
2926,0.7617
20431,0.0054
29537,0.7961
4450,0.7913
25833,0.0019
33112,0.8422
547,0.0082
9270,0.0440
15566,0.3670
30826,0.4966
250,0.8144
25714,0.4154
28267,0.8300
4504,0.7764
12581,0.0015
15483,0.0069
2894,0.7926
15726,0.7755
17117,0.1004
14182,0.7098
3699,0.8401
29624,0.1222
16168,0.5230
9800,0.1624
9544,0.0023
1433,0.7490
27458,0.7278
4804,0.7945
24376,0.6246
31613,0.0104
26895,0.1728
17085,0.0085
22698,0.7401
146,0.4557
24022,0.7830
14658,0.0110
21548,0.7998
9827,0.0018
18544,0.0016
28874,0.8203
6361,0.0054
13089,0.0013
23426,0.8237
22520,0.0332
9649,0.8317
23255,0.0012
24081,0.8780
23116,0.0020
27338,0.6961
14873,0.0119
11886,0.0082
9207,0.0011
3291,0.0083
5002,0.7933
6768,0.0014
6281,0.8122
11155,0.6932
14342,0.3977
10394,0.8339
14014,0.7896
28671,0.0022
5109,0.8499
31775,0.0057
17944,0.8482
7499,0.0070
13124,0.7033
22808,0.8294
29695,0.8120
6167,0.8001
137,0.2167
19494,0.0075
33277,0.8362
3760,0.0071
6837,0.0223
27220,0.7861
26985,0.8879
23667,0.0014
7793,0.0339
11502,0.0043
5882,0.0062
24978,0.4855
25866,0.0114
30020,0.7106
5380,0.0109
20045,0.4259
26651,0.0137
14077,0.7880
32000,0.5155
26694,0.0018
167,0.1230
28381,0.8246
24612,0.4241
17481,0.0051
28007,0.0036
26178,0.7457
13467,0.4783
5720,0.4242
18565,0.1782
17018,0.0114
13047,0.0365
20475,0.7632
5150,0.5343
31451,0.8038
14621,0.7880
29123,0.5364
13949,0.8488
2269,0.4423
12814,0.4250
5255,0.0074
3880,0.7197
25297,0.3937
27008,0.0032
1886,0.8845
31129,0.0094
1123,0.0120
9149,0.1762
21962,0.0073
462,0.7252
2677,0.0015
18648,0.8035
25612,0.8071
2784,0.8632
33064,0.0425
3543,0.0068
16419,0.8403
31606,0.7526
5800,0.0088
9032,0.6152
32908,0.0011
31186,0.4819
18411,0.7692
7636,0.0475
25586,0.0015
2583,0.8668
560,0.0074
5514,0.7473
3624,0.7669
1274,0.0025
4957,0.1210
7424,0.5125
12055,0.3900
9163,0.8220
29171,0.8351
16193,0.0100
25623,0.0014
2575,0.8002
21353,0.0079
9106,0.0065
30470,0.8377
20437,0.7433
18316,0.3891
11956,0.9155
8713,0.8098
12951,0.7968
23795,0.1568
25933,0.0086
14271,0.0038
25129,0.7908
344,0.8207
31672,0.7836
6400,0.8285
30719,0.8136
26660,0.0127
14428,0.7341
6225,0.8009
7773,0.8014
7720,0.3920
2018,0.7508
5485,0.8112
23288,0.8206
33010,0.6731
4819,0.8192
3127,0.0056
32360,0.0117
23133,0.7295
28972,0.7008
7439,0.8667
28333,0.7180
25726,0.0036
15009,0.0022
20205,0.0087
31245,0.0346
10810,0.0013
1172,0.8606
10809,0.1961
16944,0.1126
12829,0.4092
24246,0.0018
33108,0.0071
5484,0.1962
20725,0.4752
19501,0.0088
19468,0.5110
1097,0.0280
31984,0.8117
172,0.0074
4899,0.7941
19171,0.0072
21296,0.1277
14156,0.1184
31565,0.0262
21308,0.4095
691,0.0074
15225,0.8452
852,0.0067
3413,0.7792
33234,0.7582
13314,0.8155
30921,0.0574
17072,0.0071
31230,0.8349
6689,0.8031
19117,0.7964
32259,0.7653
15640,0.4721
16690,0.7242
10928,0.7610
10640,0.8622
14904,0.8562
5160,0.5182
8239,0.0014
11912,0.0458
23554,0.0152
17221,0.0014
25072,0.7874
19240,0.0050
12151,0.4449
26963,0.7530
2889,0.7707
19260,0.0514
7626,0.7380
31896,0.0119
17673,0.1159
12645,0.8541
13726,0.3357
14240,0.5214
5113,0.6889
32646,0.5942
30645,0.4371
14500,0.0016
16525,0.0019
20663,0.8052
8897,0.0243
10049,0.8184
13543,0.4948
1250,0.4710
16345,0.7459
3673,0.1916
17165,0.8108
8587,0.1353
7903,0.8136
28390,0.1368
18101,0.7036
3408,0.4383
3619,0.7334
9335,0.8525
31337,0.0080
18903,0.8191
1406,0.0056
31133,0.0014
30475,0.0068
11339,0.0012
10455,0.7464
22881,0.7678
29667,0.0072
16517,0.9700
15094,0.1512
2682,0.3942
7679,0.0018
2954,0.8293
12709,0.7882
24845,0.7869
6829,0.7909
12810,0.0101
20607,0.7336
10429,0.0068
18781,0.7608
21189,0.4993
19996,0.7470
24837,0.7794
4955,0.8491
32766,0.0433
6209,0.0123
24293,0.8721
28090,0.5141
11842,0.5204
13211,0.0081
26309,0.7405
4832,0.8067
23885,0.0018
27278,0.5315
32853,0.8864
3264,0.4072
9997,0.0451
21496,0.7317
20570,0.9980
11907,0.7764
28629,0.4178
31388,0.3435
14538,0.0016
28,0.0012
32099,0.1308
6356,0.8053
16058,0.7037
10198,0.0089
24993,0.7572
28864,0.0295
1206,0.0066
14412,0.7552
19987,0.1892
15586,0.1689
17424,0.0012
19783,0.8291
15763,0.7740
6433,0.7821
7881,0.6972
9237,0.0118
26656,0.0118
14019,0.1944
27036,0.7540
8304,0.0018
16458,0.0396
16138,0.3953
8701,0.0113
14281,0.0439
1968,0.6198
742,0.7183
17953,0.7333
660,0.0105
10829,0.7907
14159,0.0070
13603,0.8250
18232,0.1847
14574,0.9971
24725,0.6638
10737,0.8025
15141,0.1657
25308,0.0094
23084,0.1673
25465,0.8522
12340,0.5429
15589,0.8408
129,0.0060
19641,0.0016
8083,0.0013
4166,0.0115
14586,0.4126
21822,0.7852
2415,0.0082
1382,0.0296
30373,0.1577
1135,0.8132
29230,0.0114
16972,0.0063
25730,0.0290
17021,0.8343
19032,0.0280
6154,0.6889
2744,0.7503
621,0.7444
14035,0.0015
13621,0.7847
19202,0.7505
29010,0.7970
3606,0.7344
22214,0.1354
16245,0.4016
30639,0.8850
28365,0.7896
30546,0.0017
7792,0.4708
12846,0.7900
25038,0.0068
17919,0.0127
6465,0.4520
13836,0.8108
30399,0.7762
27949,0.5576
27512,0.8217
22507,0.8323
656,0.7061
23663,0.7795
30907,0.7657
30023,0.9014
22045,0.0067
2209,0.0067
4838,0.0081
28498,0.5016
1179,0.7673
10682,0.4046
20707,0.7178
31228,0.0015
11642,0.0067
14477,0.8376
25737,0.7543
21032,0.4194
30770,0.7686
28733,0.1225
26032,0.0010
2421,0.7822
6027,0.5187
7266,0.0429
20956,0.0290
26068,0.0095
20179,0.3370
32956,0.8521
12570,0.8320
7689,0.7572
19653,0.0010
8447,0.6070
18513,0.7447
4066,0.0083
613,0.0452
12437,0.4695
20917,0.7756
12505,0.4190
22510,0.8088
6642,0.6157
8562,0.7359
13030,0.3533
33291,0.8749
10469,0.6900
30777,0.0096
31756,0.0277
3879,0.0435
16255,0.4716
5050,0.6897
4273,0.0097
14867,0.0017
16180,0.7759
8491,0.7859
23514,0.1176
14398,0.8745
11444,0.8267
22303,0.0019
7391,0.7791
9195,0.4615
7519,0.0312
15307,0.0241
24683,0.0075
27067,0.0013
11327,0.0085
2529,0.4367
31349,0.8001
30739,0.7610
32141,0.1752
7759,0.4320
16286,0.0081
5381,0.7015
16782,0.7615
8122,0.0015
4370,0.0483
13883,0.8604
21673,0.7673
24268,0.4233
17200,0.0374
31533,0.0244
23172,0.7580
1647,0.5132
1276,0.7331
19942,0.0014
26888,0.4989
11667,0.0025
3890,0.8382
17267,0.0015
4934,0.8258
2752,0.7267
6413,0.0015
5817,0.0110
27952,0.5033
6402,0.0010
2358,0.7550
7645,0.8188
15411,0.0097
32727,0.3184
32693,0.0536
471,0.3395
16922,0.0023
31991,0.8703
16212,0.7960
22477,0.8045
11514,0.1525
28290,0.0076
11473,0.4563
28584,0.8141
9209,0.9351
28252,0.7883
30158,0.0024
18492,0.7715
18940,0.0304
30512,0.7443
19654,0.8955
16577,0.6561
17836,0.4479
29074,0.6771
25155,0.8127
31796,0.0027
30965,0.6729
7212,0.7781
20419,0.0413
27143,0.1337
33134,0.0320
21657,0.7088
14255,0.5064
11728,0.0105
915,0.8918
7987,0.3618
25241,0.0104
18483,0.7704
7032,0.0018
31668,0.7259
22870,0.8293
13142,0.0087
11481,0.7355
1679,0.8823
15849,0.0064
22392,0.0019
29223,0.0029
5296,0.1493
25329,0.8668
15164,0.0011
5780,0.0365
14767,0.3706
7926,0.8116
32606,0.0799
30295,0.4235
2436,0.1324
12407,0.8168
5509,0.8451
33300,0.0128
12374,0.7465
23562,0.7682
27420,0.0020
15974,0.4420
13204,0.4261
12453,0.0093
21071,0.0523
795,0.7261
80,0.7503
8509,0.0242
27199,0.9155
4393,0.4515
26993,0.7840
9753,0.0012
17074,0.1288
9291,0.5532
21210,0.7893
6548,0.0093
5601,0.9189
29159,0.0094
20909,0.0320
13140,0.4988
8903,0.8114
20079,0.0014
24628,0.8477
5482,0.0109
16050,0.7643
18581,0.0474
14438,0.8055
8031,0.0063
32710,0.0069
5857,0.7633
28799,0.4451
19726,0.7718
6191,0.4242
32521,0.7762
29176,0.5781
28278,0.8356
2625,0.7592
15587,0.7567
14741,0.0094
19210,0.4927
21015,0.7865
2010,0.0096
8942,0.7839
9586,0.7539
6444,0.0350
1604,0.4430
24158,0.0086
24017,0.7428
24362,0.0444
29969,0.7366
16831,0.0068
28518,0.8027
21039,0.0159
1776,0.0062
1678,0.0428
11188,0.8088
5346,0.8630
25867,0.0334
8335,0.7748
29417,0.8663
28383,0.0010
31485,0.8185
11330,0.0324
13259,0.7726
7539,0.0086
18271,0.0021
19556,0.7424
31232,0.5307
1175,0.0250
8107,0.4586
2768,0.7037
26448,0.0081
22700,0.8068
10287,0.7535
21246,0.0354
9098,0.8330
17952,0.0011
3889,0.3862
268,0.0111
27376,0.8361
22042,0.0082
32395,0.0092
16955,0.0082
15027,0.1049
27771,0.0079
25918,0.7831
28694,0.8681
10523,0.7214
12163,0.0020
10279,0.0013
20918,0.4419
22940,0.5233
11283,0.0079
15682,0.0064
29890,0.0079
24998,0.7574
15853,0.0111
14581,0.8024
27390,0.8063
21976,0.0092
28808,0.0093
14285,0.9269
7784,0.0093
15973,0.7390
24155,0.3808
24815,0.0370
21023,0.0046
27787,0.4558
24378,0.0017
7346,0.4444
25958,0.7526
32635,0.0011
1985,0.0011
288,0.0092
27281,0.7777
7953,0.9434
366,0.7497
27108,0.0078
9514,0.7854
17386,0.0057
4889,0.0300
22974,0.5450
28176,0.8104
17224,0.7472
32636,0.4891
21511,0.0014
25408,0.7671
10308,0.8033
6509,0.0077
12676,0.7398
22320,0.0061
19403,0.7414
25679,0.1709
25097,0.0051
30538,0.0116
29321,0.0098
5083,0.1393
17194,0.7752
25371,0.0097
25629,0.0088
2790,0.7641
31615,0.0066
9134,0.4480
23968,0.4527
24908,0.7699
22712,0.0107
11063,0.7824
16129,0.6901
25292,0.0017
11796,0.5190
31234,0.3591
4581,0.8167
17703,0.0096
30036,0.8840
9837,0.7793
2715,0.7146
22652,0.1422
15158,0.0143
830,0.7200
24660,0.2539
2915,0.7718
18322,0.1015
23189,0.1391
25544,0.7461
15534,0.8689
12312,0.4126
7789,0.7687
6335,0.8511
17675,0.5236
7156,0.3617
14816,0.0090
31402,0.3893
12759,0.4555
18706,0.0069
5266,0.7525
27308,0.0011
6721,0.8425
667,0.0116
3027,0.0084
8735,0.7477
24238,0.7823
28911,0.8781
18575,0.7379
15098,0.0265
33308,0.7833
185,0.0021
25603,0.7698
27386,0.0014
28630,0.7788
32243,0.7347
3635,0.8490
30957,0.7488
2326,0.7845
17950,0.0099
32910,0.0017
32353,0.7735
13462,0.4126
28937,0.7152
29276,0.7718
16082,0.0071
515,0.4042
31826,0.4371
14515,0.5176
26722,0.0016
2937,0.8228
30103,0.1615
25100,0.8291
13397,0.1268
8413,0.0020
11413,0.6896
9556,0.8078
28061,0.8298
32374,0.5628
16251,0.6851
23674,0.0022
16689,0.8075
8042,0.7559
9055,0.4647
12674,0.7289
16328,0.8682
22099,0.0138
6314,0.8344
4579,0.3341
11640,0.7286
5126,0.4951
11401,0.5047
5841,0.0102
1838,0.2771
6398,0.0155
18267,0.1887
22591,0.7779
12996,0.0070
8514,0.0094
3862,0.0087
29762,0.8416
32795,0.7428
9918,0.0104
10162,0.1164
18847,0.1463
26138,0.4406
30294,0.7849
31629,0.7263
32019,0.0881
29341,0.0091
31465,0.0095
19158,0.0089
26354,0.0085
2936,0.1488
24820,0.7215
29326,0.7931
32022,0.7881
10478,0.0052
24800,0.4791
29243,0.9996
22835,0.0013
6615,0.7392
32152,0.3794
7281,0.7687
7314,0.7871
5479,0.4349
28427,0.8527
18166,0.7943
18384,0.7348
23628,0.4338
18665,0.0021
20691,0.0022
10260,0.4749
4586,0.7398
610,0.1541
17389,0.0053
12558,0.4618
16395,0.0018
11770,0.4974
27991,0.7115
27425,0.0018
25585,0.4745
20758,0.0083
4791,0.2042
18816,0.7882
31466,0.1522
12500,0.0068
1928,0.0014
15385,0.7837
14264,0.0109
29541,0.7928
8426,0.0239
11148,0.8669
22661,0.1210
19550,0.0360
15384,0.0012
1443,0.8134
14491,0.7932
3275,0.7795
5265,0.8103
15865,0.4976
8539,0.7619
25995,0.7753
12288,0.7971
25411,0.1289
12189,0.3821
27933,0.4720
11273,0.7075
30859,0.2092
15521,0.7931
25054,0.7882
11506,0.7414
5934,0.8385
3689,0.1738
27337,0.7690
15911,0.7865
32996,0.0082
10663,0.0022
18356,0.1217
6865,0.8012
30679,0.2022
7347,0.9284
31951,0.8018
13009,0.8185
6452,0.0080
19294,0.3971
12946,0.4456
8375,0.4068
8043,0.8004
4063,0.0084
14821,0.8601
16107,0.0072
23465,0.0017
18698,0.9005
24582,0.4460
19239,0.2947
9664,0.3364
17300,0.7330
21257,0.0080
26856,0.0287
29283,0.1889
30846,0.0139
24670,0.0091
11391,0.9202
13823,0.7649
25931,0.1192
14638,0.7962
29031,0.7944
14883,0.7775
17924,0.7400
30951,0.4669
9051,0.0015
6963,0.8232
3559,0.0073
9700,0.4732
11849,0.0087
22737,0.8421
6969,0.7599
31870,0.8207
25263,0.8115
21049,0.8264
17307,0.8043
19471,0.7898
22338,0.1729
18519,0.7440
8752,0.0066
17254,0.8917
31441,0.4285
13175,0.8301
2122,0.0014
734,0.7756
10655,0.0012
20900,0.8076
25977,0.7909
8038,0.8443
9275,0.0074
26576,0.1316
8184,0.7950
25181,0.3261
27059,0.0079
17920,0.4972
14932,0.1799
2491,0.8045
22450,0.4154
12831,0.7867
24057,0.0020
27854,0.0111
9083,0.0610
26670,0.4007
5709,0.8340
31995,0.0021
11845,0.0016
14052,0.0258
22407,0.1837
33353,0.8053
32278,0.4520
14069,0.0012
828,0.0070
16574,0.6425
6742,0.8403
6583,0.8235
15159,0.8204
16614,0.7750
27456,0.7719
16462,0.4686
32105,0.4427
22464,0.8617
20165,0.9776
2610,0.0083
18668,0.7868
20361,0.7978
1055,0.0110
19794,0.3922
4810,0.7628
16560,0.8873
5236,0.7151
28886,0.0409
18338,0.1670
25697,0.2158
15150,0.0131
5005,0.5605
8358,0.7451
27297,0.0017
19413,0.4091
5111,0.0020
13477,0.7350
2120,0.5066
28293,0.4526
31481,0.0014
25635,0.8003
14041,0.7366
10311,0.7793
13925,0.8573
2183,0.0019
23188,0.0109
8982,0.0354
20064,0.0015
21604,0.0148
3991,0.6844
3307,0.7968
4343,0.0083
24642,0.4368
12008,0.7951
22200,0.0014
2789,0.4068
22697,0.7590
20321,0.0293
13470,0.0098
31236,0.4041
32607,0.0335
8216,0.5706
5320,0.0019
30466,0.7579
24026,0.8446
30013,0.8507
22342,0.7550
370,0.0072
30365,0.7739
30316,0.7746
28350,0.3676
11927,0.4522
31708,0.7128
25882,0.0013
16079,0.0517
21788,0.8321
2530,0.8770
20640,0.7601
7148,0.0083
20308,0.6765
2196,0.7592
17225,0.8263
28163,0.7530
16164,0.1340
11460,0.8038
2900,0.0118
1026,0.1876
8049,0.8231
12413,0.0450
17269,0.7167
3885,0.0077
5194,0.0019
11644,0.6886
28377,0.8288
25914,0.0014
24947,0.4587
32540,0.7254
1346,0.0766
13220,0.0485
19336,0.7984
7416,0.6678
26996,0.4170
26859,0.7399
13498,0.0087
17659,0.0094
25173,0.8251
12002,0.7702
22468,0.4381
25106,0.0100
11730,0.6644
21871,0.8297
19543,0.7906
4842,0.7412
12874,0.7349
19725,0.8182
27614,0.8068
322,0.6924
29603,0.3916
28292,0.8901
423,0.4480
22858,0.0026
16449,0.0084
26195,0.7609
29710,0.0014
11901,0.7016
8170,0.7187
31818,0.8329
10618,0.0014
10217,0.7502
13819,0.7426
13722,0.7522
18100,0.8673
5029,0.4571
31473,0.1209
26801,0.8694
18912,0.4771
27030,0.8382
3647,0.7802
4222,0.7482
25614,0.3651
19648,0.4730
22430,0.5205
15851,0.4046
301,0.8353
18825,0.0091
31758,0.7306
5898,0.8651
17932,0.0032
30260,0.4206
17669,0.5462
14806,0.4701
22480,0.0319
29259,0.0116
22746,0.0021
9852,0.1377
30,0.3545
17854,0.5284
9205,0.0078
17779,0.7815
20154,0.0092
16828,0.3593
7387,0.7234
31802,0.1612
17188,0.7379
7300,0.3260
12136,0.8442
21899,0.0080
10834,0.3830
20841,0.0122
5962,0.7897
7813,0.1732
10847,0.0073
30109,0.6872
3312,0.8513
12884,0.8029
20514,0.4027
8411,0.4753
16798,0.8078
27389,0.0111
32783,0.7734
10230,0.8173
5980,0.5039
3672,0.7747
29832,0.0417
18719,0.7447
23024,0.0135
29629,0.0040
8112,0.7931
13953,0.7936
17450,0.0449
9752,0.0310
10167,0.7502
181,0.9998
1476,0.0420
16816,0.5770
16023,0.7457
12059,0.4041
28220,0.0057
18822,0.7864
17720,0.7443
13419,0.7467
23734,0.0010
6610,0.5093
18569,0.7805
25136,0.0054
21469,0.8828
19752,0.7300
32453,0.7354
24625,0.8321
32745,0.0020
15144,0.7535
26541,0.7952
14132,0.0316
2580,0.7821
32229,0.8318
11638,0.0077
7132,0.0123
22168,0.0330
29886,0.8092
5130,0.8006
923,0.8439
28035,0.0070
17153,0.8262
30428,0.0072
14687,0.8433
26621,0.7543
19744,0.0422
32698,0.0020
15049,0.0013
32808,0.4293
7535,0.0071
20622,0.7822
22863,0.0080
21845,0.0021
16135,0.8243
15095,0.4912
29703,0.0377
14785,0.9111
20150,0.0020
19473,0.4511
26862,0.0106
3377,0.8413
21166,0.7494
24684,0.8617
32511,0.0090
10587,0.8241
23210,0.7775
8243,0.0012
2046,0.8373
875,0.7331
437,0.4868
9208,0.8351
18560,0.8518
31361,0.7592
3432,0.0018
17066,0.4463
17993,0.4006
4879,0.0078
32898,0.8318
28680,0.1430
10304,0.7901
26899,0.7978
23403,0.2092
21936,0.0207
26927,0.1014
25713,0.1395
23976,0.0013
29908,0.4414
17426,0.4625
9806,0.0101
25886,0.6855
2736,0.7298
26688,0.4314
19261,0.1430
16728,0.4059
8837,0.4361
9345,0.7685
25696,0.7923
33236,0.8291
7258,0.9074
4274,0.0018
18287,0.0362
25062,0.4592
11144,0.2135
11404,0.3564
13232,0.5108
21968,0.8793
12142,0.8148
30796,0.0082
23735,0.8631
26679,0.0062
21726,0.8210
5171,0.7864
3180,0.0020
26950,0.3852
24234,0.0082
32649,0.5779
4377,0.7414
545,0.0019
13114,0.7655
22786,0.3544
21335,0.4532
13292,0.7029
25862,0.5066
37,0.0011
25890,0.0012
22037,0.5170
29304,0.7804
19816,0.7224
7012,0.9823
23338,0.8095
30621,0.7359
11855,0.0249
14062,0.7421
952,0.7560
28695,0.4388
25255,0.1811
14684,0.8136
2599,0.0017
27764,0.3416
22708,0.8118
13605,0.4686
3445,0.0086
12029,0.9061
28494,0.1483
26151,0.8814
30903,0.0100
23078,0.7685
3520,0.0599
23948,0.6993
20536,0.7770
12472,0.7597
12756,0.0522
634,0.7852
11458,0.1303
20348,0.7989
21057,0.4278
26446,0.6631
24170,0.1569
16216,0.0446
28349,0.7820
17295,0.0086
33316,0.7053
5280,0.7968
11201,0.7438
26483,0.7790
10977,0.8335
33290,0.0017
27216,0.0016
7877,0.0115
5650,0.7623
6590,0.7877
13464,0.0080
25639,0.0516
12406,0.0390
32113,0.0689
3787,0.0230
23606,0.7157
7522,0.5156
15293,0.0025
7564,0.7661
19218,0.0542
19678,0.0014
19499,0.0018
13962,0.8649
22744,0.0097
21887,0.7866
28552,0.7557
10726,0.8156
6294,0.4738
13833,0.8213
31643,0.4943
21500,0.0016
33225,0.7470
8905,0.0013
9772,0.0012
27163,0.0060
24507,0.0016
21339,0.0012
1289,0.0442
195,0.4651
31762,0.0017
7873,0.7590
12215,0.4966
